-- phpMyAdmin SQL Dump
-- version 4.7.3
-- https://www.phpmyadmin.net/
--
-- Host: localhost
-- Generation Time: 2018-08-16 12:06:54
-- 服务器版本： 5.5.53
-- PHP Version: 7.2.1

SET SQL_MODE = "NO_AUTO_VALUE_ON_ZERO";
SET AUTOCOMMIT = 0;
START TRANSACTION;
SET time_zone = "+00:00";


/*!40101 SET @OLD_CHARACTER_SET_CLIENT=@@CHARACTER_SET_CLIENT */;
/*!40101 SET @OLD_CHARACTER_SET_RESULTS=@@CHARACTER_SET_RESULTS */;
/*!40101 SET @OLD_COLLATION_CONNECTION=@@COLLATION_CONNECTION */;
/*!40101 SET NAMES utf8mb4 */;

--
-- Database: `team`
--

-- --------------------------------------------------------

--
-- 表的结构 `admin`
--

CREATE TABLE `admin` (
  `id` int(11) NOT NULL,
  `username` varchar(50) DEFAULT NULL,
  `userpwd` varchar(255) DEFAULT NULL,
  `show` int(1) DEFAULT '1',
  `add_time` int(11) DEFAULT NULL
) ENGINE=InnoDB DEFAULT CHARSET=utf8;

--
-- 转存表中的数据 `admin`
--

INSERT INTO `admin` (`id`, `username`, `userpwd`, `show`, `add_time`) VALUES
(1, '李晓辉', '040bd08a4290267535cd247b8ba2eca129d9fe9f', 1, NULL),
(2, '李建成', '1c39855f88db90d7e5be5429037fed81d4709160', 1, 1531191541),
(3, '黄盼盼', '10470c3b4b1fed12c3baac014be15fac67c6e815', 1, 1531234994),
(4, '张红玉', 'a454d5d97b0860a2a5a4be1636ab535f2a994665', 1, 1531235011),
(5, '唐晓平', '10470c3b4b1fed12c3baac014be15fac67c6e815', 1, 1531235025),
(37, '雒美伶', '10470c3b4b1fed12c3baac014be15fac67c6e815', 1, 1531284708),
(38, '孙杰', '10470c3b4b1fed12c3baac014be15fac67c6e815', 1, 1531284714),
(40, '仝欢', '10470c3b4b1fed12c3baac014be15fac67c6e815', 1, 1531284727),
(43, '行政', '10470c3b4b1fed12c3baac014be15fac67c6e815', 1, 1531458497),
(44, '高大冬', '10470c3b4b1fed12c3baac014be15fac67c6e815', 1, 1532326610),
(45, '王震阳', '10470c3b4b1fed12c3baac014be15fac67c6e815', 1, 1532326615),
(46, '王友军', '10470c3b4b1fed12c3baac014be15fac67c6e815', 1, 1532326629),
(47, '张慧敏', '10470c3b4b1fed12c3baac014be15fac67c6e815', 1, 1532327169),
(48, '侯亚楠', '10470c3b4b1fed12c3baac014be15fac67c6e815', 1, 1532327201);

-- --------------------------------------------------------

--
-- 表的结构 `count_score`
--

CREATE TABLE `count_score` (
  `id` int(11) NOT NULL,
  `mess_id` int(11) DEFAULT NULL,
  `big` varchar(10) DEFAULT NULL COMMENT '大比分',
  `small` varchar(600) DEFAULT NULL COMMENT '小比分'
) ENGINE=InnoDB DEFAULT CHARSET=utf8;

--
-- 转存表中的数据 `count_score`
--

INSERT INTO `count_score` (`id`, `mess_id`, `big`, `small`) VALUES
(8, 1, '3-0', '11—7&nbsp;&nbsp;&nbsp;11—4&nbsp;&nbsp;&nbsp;11—8&nbsp;&nbsp;&nbsp;'),
(10, 2, '1-0', '8—2&nbsp;&nbsp;&nbsp;'),
(11, 13, '3-2', '8—11&nbsp;&nbsp;&nbsp;10—12&nbsp;&nbsp;&nbsp;11—8&nbsp;&nbsp;&nbsp;12—10&nbsp;&nbsp;&nbsp;11—6&nbsp;&nbsp;&nbsp;'),
(12, 14, '4-3', '11—6&nbsp;&nbsp;&nbsp;6—11&nbsp;&nbsp;&nbsp;11—7&nbsp;&nbsp;&nbsp;13—11&nbsp;&nbsp;&nbsp;8—11&nbsp;&nbsp;&nbsp;9—11&nbsp;&nbsp;&nbsp;11—2&nbsp;&nbsp;&nbsp;'),
(13, 15, '4-0', '11—6&nbsp;&nbsp;&nbsp;12—10&nbsp;&nbsp;&nbsp;11—8&nbsp;&nbsp;&nbsp;11—8&nbsp;&nbsp;&nbsp;');

-- --------------------------------------------------------

--
-- 表的结构 `dic`
--

CREATE TABLE `dic` (
  `chinese` varchar(500) DEFAULT NULL,
  `english` varchar(500) DEFAULT NULL,
  `show` int(1) DEFAULT '1'
) ENGINE=InnoDB DEFAULT CHARSET=utf8;

--
-- 转存表中的数据 `dic`
--

INSERT INTO `dic` (`chinese`, `english`, `show`) VALUES
('发球', 'serve', 2),
('正手', 'forehand', 2),
('反手', 'backhand', 2),
('侧身', 'pivot', 2),
('控制', 'control', 2),
('发抢段', 'serve-then-aggress', 2),
('接抢段', 'receive-then-aggress', 2),
('转换段', 'transition', 2),
('相持段', 'stalemate', 2),
('得分', 'score', 2),
('失分', 'lose', 2),
('各段得分比例', 'Percentage of points scored in each segment', 2),
('各段失分比例', 'Percentage of points lost in each segment', 2),
('发球', 'serve', 2),
('接发球', 'receive', 2),
('第三板', 'the third stroke', 2),
('第四板', 'the 4th stroke', 2),
('第五板', 'the 5th stroke', 2),
('第六板', 'he 6th stroke', 2),
('六板后', 'after the 6th stroke', 2),
('发抢段', 'serve-then-aggress', 2),
('接抢段', 'receive-then-aggress', 2),
('转换段', 'transition', 2),
('相持段', 'stalemate', 2),
('综合', 'comprehensive abilities', 2),
('淘汰赛', 'knock out', 2),
('小组赛', 'group', 2),
('决赛', 'final', 2),
('半决赛', 'semi-final', 2),
('1/4决赛', 'quarter-final', 2),
('1/8决赛（八强）', 'round of 8', 2),
('1/16决赛（十六强）', 'round of 16', 2),
('1/32决赛（三十二强）', 'round of 32', 2),
('男单', 'men’s singles', 2),
('女单', 'women’s singles', 2),
('男双', 'men’s doubles', 2),
('女双', 'women’s  doubles', 2),
('混双', 'mixd doubles', 2),
('第一局', 'the first game', 2),
('第二局', 'the second game', 2),
('第三局', 'the third game', 2),
('第四局', 'the 4th game', 2),
('第五局', 'the 5th game', 2),
('第六局', 'the 6th game', 2),
('第七局', 'the 7th game', 2),
('世界乒乓球大赛', NULL, 1),
('北京赛', NULL, 1),
('2018年匈牙利公开赛四分之一决赛', '2018 Hungary Open final 1/4', 1),
('2018年匈牙利公开赛小组赛', '2018 Hungary open group competition', 1),
('美国', NULL, 1),
('中国', NULL, 1),
('旧金山', NULL, 1),
('北京', NULL, 1),
('哈尔滨', NULL, 1),
('苏州', NULL, 1),
('张三1', NULL, 1),
('张三2', NULL, 1),
('张三3', NULL, 1),
('张三4', NULL, 1),
('张三5', NULL, 1),
('张三6', NULL, 1),
('张三7', NULL, 1),
('樊振东', NULL, 1),
('JoaoGERALDO', NULL, 1),
('刘丁硕', NULL, 1),
('格罗斯', NULL, 1),
('杜达', NULL, 1),
('李晓辉', NULL, 1),
('英国', NULL, 1),
('德国', NULL, 1);

-- --------------------------------------------------------

--
-- 表的结构 `game_data`
--

CREATE TABLE `game_data` (
  `id` int(11) NOT NULL,
  `user_id` int(11) DEFAULT NULL,
  `mess_id` int(11) DEFAULT NULL,
  `class` int(11) DEFAULT NULL,
  `score_first` int(11) DEFAULT NULL,
  `send` varchar(20) DEFAULT NULL,
  `bat_number` varchar(20) DEFAULT NULL,
  `tool` varchar(20) DEFAULT NULL,
  `get_lose` varchar(20) DEFAULT NULL,
  `score_last` int(11) DEFAULT NULL
) ENGINE=InnoDB DEFAULT CHARSET=utf8;

--
-- 转存表中的数据 `game_data`
--

INSERT INTO `game_data` (`id`, `user_id`, `mess_id`, `class`, `score_first`, `send`, `bat_number`, `tool`, `get_lose`, `score_last`) VALUES
(154, 2, 1, 1, 0, '发', '第三板', '反手', '失', 0),
(155, 2, 1, 1, 0, '发', '相持', '反手', '失', 1),
(156, 2, 1, 1, 0, '接', '接发球', '拉冲', '得', 2),
(157, 2, 1, 1, 1, '接', '第四板', '正手', '得', 2),
(158, 2, 1, 1, 2, '发', '第三板', '控制', '得', 2),
(159, 2, 1, 1, 3, '发', '第三板', '反手', '失', 2),
(160, 2, 1, 1, 3, '接', '接发球', '拉冲', '得', 3),
(161, 2, 1, 1, 4, '接', '第四板', '反手', '失', 3),
(162, 2, 1, 1, 4, '发', '第三板', '反手', '得', 4),
(163, 2, 1, 1, 5, '发', '第三板', '侧身', '得', 4),
(164, 2, 1, 1, 6, '接', '第四板', '正手', '得', 4),
(165, 2, 1, 1, 7, '接', '第四板', '反手', '失', 4),
(166, 2, 1, 1, 7, '发', '相持', '正手', '失', 5),
(167, 2, 1, 1, 7, '发', '相持', '反手', '失', 6),
(168, 2, 1, 1, 7, '接', '接发球', '拧拉', '得', 7),
(169, 2, 1, 1, 8, '接', '第四板', '反手', '得', 7),
(170, 2, 1, 1, 9, '发', '相持', '反手', '得', 7),
(171, 2, 1, 1, 10, '发', '发球', '反短', '得', 7),
(172, 2, 1, 2, 0, '接', '接发球', '拧拉', '得', 0),
(173, 2, 1, 2, 1, '接', '第四板', '侧身', '失', 0),
(174, 2, 1, 2, 1, '发', '第三板', '侧身', '得', 1),
(175, 2, 1, 2, 2, '发', '相持', '反手', '失', 1),
(176, 2, 1, 2, 2, '接', '接发球', '拧拉', '得', 2),
(177, 2, 1, 2, 3, '接', '相持', '反手', '得', 2),
(178, 2, 1, 2, 4, '发', '相持', '侧身', '得', 2),
(179, 2, 1, 2, 5, '发', '第三板', '正手', '失', 2),
(180, 2, 1, 2, 5, '接', '第四板', '反手', '得', 3),
(181, 2, 1, 2, 6, '接', '相持', '反手', '得', 3),
(182, 2, 1, 2, 7, '发', '相持', '正手', '失', 3),
(183, 2, 1, 2, 7, '发', '第三板', '反手', '得', 4),
(184, 2, 1, 2, 8, '接', '第四板', '反手', '得', 4),
(185, 2, 1, 2, 9, '接', '相持', '反手', '得', 4),
(186, 2, 1, 2, 10, '发', '发球', '反短', '得', 4),
(187, 2, 1, 3, 0, '发', '相持', '反手', '得', 0),
(188, 2, 1, 3, 1, '发', '第三板', '控制', '得', 0),
(189, 2, 1, 3, 2, '接', '第四板', '反手', '失', 0),
(190, 2, 1, 3, 2, '接', '相持', '反手', '失', 1),
(191, 2, 1, 3, 2, '发', '相持', '正手', '失', 2),
(192, 2, 1, 3, 2, '发', '发球', '正短', '得', 3),
(193, 2, 1, 3, 3, '接', '接发球', '拧拉', '失', 3),
(194, 2, 1, 3, 3, '接', '接发球', '拧拉', '得', 4),
(195, 2, 1, 3, 4, '发', '第三板', '侧身', '失', 4),
(196, 2, 1, 3, 4, '发', '相持', '反手', '得', 5),
(197, 2, 1, 3, 5, '接', '接发球', '拉冲', '得', 5),
(198, 2, 1, 3, 6, '接', '接发球', '拉冲', '失', 5),
(199, 2, 1, 3, 6, '发', '相持', '侧身', '得', 6),
(200, 2, 1, 3, 7, '发', '相持', '正手', '失', 6),
(201, 2, 1, 3, 7, '接', '接发球', '控制', '得', 7),
(202, 2, 1, 3, 8, '接', '相持', '侧身', '失', 7),
(203, 2, 1, 3, 8, '发', '相持', '反手', '得', 8),
(204, 2, 1, 3, 9, '发', '发球', '正短', '得', 8),
(205, 2, 1, 3, 10, '接', '第四板', '正手', '得', 8),
(206, 6, 1, 1, 0, '接', '接发球', '拧拉', '得', 0),
(207, 6, 1, 1, 1, '接', '第四板', '反手', '得', 0),
(208, 6, 1, 1, 2, '发', '第三板', '正手', '失', 0),
(209, 6, 1, 1, 2, '发', '相持', '正手', '失', 1),
(210, 6, 1, 1, 2, '接', '第四板', '反手', '失', 2),
(211, 6, 1, 1, 2, '接', '接发球', '拧拉', '得', 3),
(212, 6, 1, 1, 3, '发', '第三板', '正手', '失', 3),
(213, 6, 1, 1, 3, '发', '第三板', '正手', '得', 4),
(214, 6, 1, 1, 4, '接', '第四板', '反手', '失', 4),
(215, 6, 1, 1, 4, '接', '第四板', '正手', '失', 5),
(216, 6, 1, 1, 4, '发', '相持', '反手', '失', 6),
(217, 6, 1, 1, 4, '发', '第三板', '控制', '得', 7),
(218, 6, 1, 1, 5, '接', '第四板', '正手', '得', 7),
(219, 6, 1, 1, 6, '接', '第四板', '反手', '得', 7),
(220, 6, 1, 1, 7, '发', '第三板', '反手', '失', 7),
(221, 6, 1, 1, 7, '发', '相持', '正手', '失', 8),
(222, 6, 1, 1, 7, '接', '相持', '反手', '失', 9),
(223, 6, 1, 1, 7, '接', '接发球', '拧拉', '失', 10),
(224, 6, 1, 2, 0, '发', '第三板', '正手', '失', 0),
(225, 6, 1, 2, 0, '发', '第三板', '反手', '得', 1),
(226, 6, 1, 2, 1, '接', '第四板', '反手', '失', 1),
(227, 6, 1, 2, 1, '接', '第四板', '反手', '得', 2),
(228, 6, 1, 2, 2, '发', '第三板', '反手', '失', 2),
(229, 6, 1, 2, 2, '发', '相持', '反手', '失', 3),
(230, 6, 1, 2, 2, '接', '相持', '正手', '失', 4),
(231, 6, 1, 2, 2, '接', '接发球', '拧拉', '得', 5),
(232, 6, 1, 2, 3, '发', '相持', '侧身', '失', 5),
(233, 6, 1, 2, 3, '发', '相持', '反手', '失', 6),
(234, 6, 1, 2, 3, '接', '第四板', '正手', '得', 7),
(235, 6, 1, 2, 4, '接', '第四板', '反手', '失', 7),
(236, 6, 1, 2, 4, '发', '相持', '正手', '失', 8),
(237, 6, 1, 2, 4, '发', '相持', '正手', '失', 9),
(238, 6, 1, 2, 4, '接', '接发球', '拧拉', '失', 10),
(239, 6, 1, 3, 0, '接', '相持', '正手', '失', 0),
(240, 6, 1, 3, 0, '接', '第四板', '反手', '失', 1),
(241, 6, 1, 3, 0, '发', '第三板', '正手', '得', 2),
(242, 6, 1, 3, 1, '发', '相持', '正手', '得', 2),
(243, 6, 1, 3, 2, '接', '第四板', '正手', '得', 2),
(244, 6, 1, 3, 3, '接', '接发球', '拧拉', '失', 2),
(245, 6, 1, 3, 3, '发', '发球', '正短', '得', 3),
(246, 6, 1, 3, 4, '发', '第三板', '反手', '失', 3),
(247, 6, 1, 3, 4, '接', '接发球', '拧拉', '得', 4),
(248, 6, 1, 3, 5, '接', '相持', '反手', '失', 4),
(249, 6, 1, 3, 5, '发', '第三板', '反手', '失', 5),
(250, 6, 1, 3, 5, '发', '发球', '正短', '得', 6),
(251, 6, 1, 3, 6, '接', '相持', '反手', '失', 6),
(252, 6, 1, 3, 6, '接', '第四板', '反手', '得', 7),
(253, 6, 1, 3, 7, '发', '第三板', '反手', '失', 7),
(254, 6, 1, 3, 7, '发', '相持', '反手', '得', 8),
(255, 6, 1, 3, 8, '接', '相持', '正手', '失', 8),
(256, 6, 1, 3, 8, '接', '接发球', '拧拉', '失', 9),
(257, 6, 1, 3, 8, '发', '相持', '反手', '失', 10),
(258, 3, 2, 1, 1, '接', '接发球', '反手', '得', 0),
(259, 3, 2, 1, 2, '接', '接发球', '反手', '得', 0),
(260, 3, 2, 1, 3, '接', '接发球', '反手', '得', 0),
(261, 3, 2, 1, 4, '接', '相持', '反手', '得', 1),
(262, 3, 2, 1, 5, '发', '接发球', '正手', '得', 2),
(263, 3, 2, 1, 6, '接', '接发球', '反手', '得', 1),
(264, 3, 2, 1, 7, '接', '接发球', '反手', '得', 1),
(265, 17, 13, 1, 0, '发', '第五板', '反手', '失', 0),
(266, 17, 13, 1, 0, '发', '相持', '反手', '失', 1),
(267, 17, 13, 1, 0, '接', '第四板', '正手', '失', 2),
(268, 17, 13, 1, 0, '接', '接发球', '反手', '得', 3),
(269, 17, 13, 1, 1, '发', '发球', '发球', '得', 3),
(270, 17, 13, 1, 2, '发', '第五板', '反手', '失', 3),
(271, 17, 13, 1, 2, '接', '接发球', '正手', '得', 4),
(272, 17, 13, 1, 3, '接', '接发球', '反手', '得', 4),
(273, 17, 13, 1, 4, '发', '第三板', '反手', '失', 4),
(274, 17, 13, 1, 4, '发', '相持', '侧身', '得', 5),
(275, 17, 13, 1, 5, '接', '接发球', '控制', '得', 5),
(276, 17, 13, 1, 6, '接', '接发球', '反手', '失', 5),
(277, 17, 13, 1, 6, '发', '第三板', '正手', '失', 6),
(278, 17, 13, 1, 6, '发', '第三板', '正手', '得', 7),
(279, 17, 13, 1, 7, '接', '接发球', '对方发球失误', '得', 7),
(280, 17, 13, 1, 8, '接', '第四板', '反手', '失', 7),
(281, 17, 13, 1, 8, '发', '第三板', '正手', '失', 8),
(282, 17, 13, 1, 8, '发', '第三板', '反手', '失', 9),
(283, 17, 13, 1, 8, '接', '第四板', '反手', '失', 10),
(284, 17, 13, 2, 0, '接', '接发球', '对方发球失误', '得', 0),
(285, 17, 13, 2, 1, '接', '第四板', '正手', '得', 0),
(286, 17, 13, 2, 2, '发', '第五板', '正手', '失', 0),
(287, 17, 13, 2, 2, '发', '第三板', '正手', '得', 1),
(288, 17, 13, 2, 3, '接', '接发球', '控制', '得', 1),
(289, 17, 13, 2, 4, '接', '第四板', '侧身', '失', 1),
(290, 17, 13, 2, 4, '发', '第三板', '反手', '失', 2),
(291, 17, 13, 2, 4, '发', '相持', '反手', '失', 3),
(292, 17, 13, 2, 4, '接', '第四板', '正手', '失', 4),
(293, 17, 13, 2, 4, '接', '接发球', '反手', '失', 5),
(294, 17, 13, 2, 4, '发', '第三板', '正手', '得', 6),
(295, 17, 13, 2, 5, '发', '第三板', '侧身', '得', 6),
(296, 17, 13, 2, 6, '接', '第四板', '反手', '失', 6),
(297, 17, 13, 2, 6, '接', '第六板', '反手', '失', 7),
(298, 17, 13, 2, 6, '发', '第三板', '正手', '失', 8),
(299, 17, 13, 2, 6, '发', '第三板', '侧身', '得', 9),
(300, 17, 13, 2, 7, '接', '接发球', '反手', '得', 9),
(301, 17, 13, 2, 8, '接', '第四板', '反手', '得', 9),
(302, 17, 13, 2, 9, '发', '第三板', '反手', '得', 9),
(303, 17, 13, 2, 10, '发', '第三板', '反手', '失', 9),
(304, 17, 13, 2, 10, '接', '第四板', '正手', '失', 10),
(305, 17, 13, 2, 10, '发', '第五板', '反手', '失', 11),
(306, 17, 13, 3, 0, '发', '第五板', '侧身', '得', 0),
(307, 17, 13, 3, 1, '发', '相持', '正手', '得', 0),
(308, 17, 13, 3, 2, '接', '接发球', '反手', '失', 0),
(309, 17, 13, 3, 2, '接', '第四板', '正手', '失', 1),
(310, 17, 13, 3, 2, '发', '第三板', '正手', '得', 2),
(311, 17, 13, 3, 3, '发', '发球', '发球', '得', 2),
(312, 17, 13, 3, 4, '接', '第四板', '侧身', '得', 2),
(313, 17, 13, 3, 5, '接', '第四板', '反手', '失', 2),
(314, 17, 13, 3, 5, '发', '第三板', '反手', '失', 3),
(315, 17, 13, 3, 5, '发', '第三板', '侧身', '失', 4),
(316, 17, 13, 3, 5, '接', '第四板', '反手', '得', 5),
(317, 17, 13, 3, 6, '接', '第四板', '反手', '失', 5),
(318, 17, 13, 3, 6, '发', '相持', '正手', '得', 6),
(319, 17, 13, 3, 7, '发', '第三板', '正手', '失', 6),
(320, 17, 13, 3, 7, '接', '接发球', '反手', '得', 7),
(321, 17, 13, 3, 8, '接', '接发球', '反手', '失', 7),
(322, 17, 13, 3, 8, '发', '第五板', '反手', '得', 8),
(323, 17, 13, 3, 9, '发', '相持', '正手', '得', 8),
(324, 17, 13, 3, 10, '接', '接发球', '反手', '得', 8),
(325, 17, 13, 4, 0, '接', '第四板', '反手', '失', 0),
(326, 17, 13, 4, 0, '接', '第四板', '正手', '得', 1),
(327, 17, 13, 4, 1, '发', '相持', '反手', '失', 1),
(328, 17, 13, 4, 1, '发', '相持', '侧身', '得', 2),
(329, 17, 13, 4, 2, '接', '接发球', '反手', '得', 2),
(330, 17, 13, 4, 3, '接', '第四板', '正手', '失', 2),
(331, 17, 13, 4, 3, '发', '第三板', '侧身', '得', 3),
(332, 17, 13, 4, 4, '发', '第五板', '正手', '失', 3),
(333, 17, 13, 4, 4, '接', '第四板', '正手', '失', 4),
(334, 17, 13, 4, 4, '接', '接发球', '反手', '得', 5),
(335, 17, 13, 4, 5, '发', '第三板', '正手', '失', 5),
(336, 17, 13, 4, 5, '发', '第三板', '侧身', '失', 6),
(337, 17, 13, 4, 5, '接', '接发球', '反手', '得', 7),
(338, 17, 13, 4, 6, '接', '接发球', '反手', '得', 7),
(339, 17, 13, 4, 7, '发', '第三板', '反手', '失', 7),
(340, 17, 13, 4, 7, '发', '第三板', '反手', '得', 8),
(341, 17, 13, 4, 8, '接', '接发球', '反手', '失', 8),
(342, 17, 13, 4, 8, '接', '接发球', '正手', '失', 9),
(343, 17, 13, 4, 8, '发', '发球', '发球', '得', 10),
(344, 17, 13, 4, 9, '发', '第五板', '正手', '得', 10),
(345, 17, 13, 4, 10, '接', '第四板', '反手', '得', 10),
(346, 17, 13, 4, 11, '发', '第三板', '控制', '得', 10),
(347, 17, 13, 5, 0, '发', '相持', '侧身', '得', 0),
(348, 17, 13, 5, 1, '发', '相持', '反手', '失', 0),
(349, 17, 13, 5, 1, '接', '第四板', '正手', '得', 1),
(350, 17, 13, 5, 2, '接', '接发球', '控制', '得', 1),
(351, 17, 13, 5, 3, '发', '第三板', '侧身', '得', 1),
(352, 17, 13, 5, 4, '发', '第三板', '反手', '得', 1),
(353, 17, 13, 5, 5, '接', '相持', '侧身', '得', 1),
(354, 17, 13, 5, 6, '接', '第六板', '侧身', '得', 1),
(355, 17, 13, 5, 7, '发', '第五板', '反手', '失', 1),
(356, 17, 13, 5, 7, '发', '第五板', '反手', '得', 2),
(357, 17, 13, 5, 8, '接', '第六板', '正手', '得', 2),
(358, 17, 13, 5, 9, '接', '第四板', '正手', '失', 2),
(359, 17, 13, 5, 9, '发', '相持', '正手', '失', 3),
(360, 17, 13, 5, 9, '发', '相持', '反手', '得', 4),
(361, 17, 13, 5, 10, '接', '接发球', '正手', '失', 4),
(362, 17, 13, 5, 10, '接', '第四板', '正手', '失', 5),
(363, 17, 13, 5, 10, '发', '第三板', '反手', '得', 6),
(364, 18, 13, 1, 0, '接', '第四板', '正手', '得', 0),
(365, 18, 13, 1, 1, '接', '第六板', '反手', '得', 0),
(366, 18, 13, 1, 2, '发', '第三板', '反手', '得', 0),
(367, 18, 13, 1, 3, '发', '第三板', '正手', '失', 0),
(368, 18, 13, 1, 3, '接', '接发球', '反手', '失', 1),
(369, 18, 13, 1, 3, '接', '第四板', '反手', '得', 2),
(370, 18, 13, 1, 4, '发', '第三板', '正手', '失', 2),
(371, 18, 13, 1, 4, '发', '第三板', '反手', '失', 3),
(372, 18, 13, 1, 4, '接', '接发球', '反手', '得', 4),
(373, 18, 13, 1, 5, '接', '相持', '正手', '失', 4),
(374, 18, 13, 1, 5, '发', '第三板', '正手', '失', 5),
(375, 18, 13, 1, 5, '发', '发球', '发球', '得', 6),
(376, 18, 13, 1, 6, '接', '接发球', '反手', '得', 6),
(377, 18, 13, 1, 7, '接', '第四板', '正手', '失', 6),
(378, 18, 13, 1, 7, '发', '第三板', '反手', '失', 7),
(379, 18, 13, 1, 7, '发', '第三板', '正手', '得', 8),
(380, 18, 13, 1, 8, '接', '接发球', '控制', '得', 8),
(381, 18, 13, 1, 9, '接', '接发球', '控制', '得', 8),
(382, 18, 13, 1, 10, '发', '第三板', '反手', '得', 8),
(383, 18, 13, 2, 0, '发', '第三板', '正手', '失', 0),
(384, 18, 13, 2, 0, '发', '第五板', '正手', '失', 1),
(385, 18, 13, 2, 0, '接', '第四板', '正手', '得', 2),
(386, 18, 13, 2, 1, '接', '第四板', '反手', '失', 2),
(387, 18, 13, 2, 1, '发', '第三板', '侧身', '失', 3),
(388, 18, 13, 2, 1, '发', '第三板', '反手', '得', 4),
(389, 18, 13, 2, 2, '接', '接发球', '正手', '得', 4),
(390, 18, 13, 2, 3, '接', '相持', '正手', '得', 4),
(391, 18, 13, 2, 4, '发', '第三板', '正手', '得', 4),
(392, 18, 13, 2, 5, '发', '发球', '发球', '得', 4),
(393, 18, 13, 2, 6, '接', '第四板', '反手', '失', 4),
(394, 18, 13, 2, 6, '接', '第四板', '正手', '失', 5),
(395, 18, 13, 2, 6, '发', '第三板', '侧身', '得', 6),
(396, 18, 13, 2, 7, '发', '第五板', '正手', '得', 6),
(397, 18, 13, 2, 8, '接', '接发球', '控制', '得', 6),
(398, 18, 13, 2, 9, '接', '第四板', '侧身', '失', 6),
(399, 18, 13, 2, 9, '发', '第三板', '正手', '失', 7),
(400, 18, 13, 2, 9, '发', '第五板', '反手', '失', 8),
(401, 18, 13, 2, 9, '接', '第四板', '控制', '失', 9),
(402, 18, 13, 2, 9, '接', '接发球', '控制', '得', 10),
(403, 18, 13, 2, 10, '发', '第三板', '侧身', '得', 10),
(404, 18, 13, 2, 11, '接', '第四板', '正手', '得', 10),
(405, 18, 13, 3, 0, '接', '第六板', '反手', '失', 0),
(406, 18, 13, 3, 0, '接', '相持', '反手', '失', 1),
(407, 18, 13, 3, 0, '发', '发球', '发球', '得', 2),
(408, 18, 13, 3, 1, '发', '第三板', '正手', '得', 2),
(409, 18, 13, 3, 2, '接', '第四板', '侧身', '失', 2),
(410, 18, 13, 3, 2, '接', '接发球', '反手', '失', 3),
(411, 18, 13, 3, 2, '发', '第五板', '正手', '失', 4),
(412, 18, 13, 3, 2, '发', '第三板', '正手', '得', 5),
(413, 18, 13, 3, 3, '接', '接发球', '反手', '得', 5),
(414, 18, 13, 3, 4, '接', '接发球', '反手', '得', 5),
(415, 18, 13, 3, 5, '发', '第五板', '反手', '失', 5),
(416, 18, 13, 3, 5, '发', '第三板', '反手', '得', 6),
(417, 18, 13, 3, 6, '接', '相持', '反手', '失', 6),
(418, 18, 13, 3, 6, '接', '接发球', '控制', '得', 7),
(419, 18, 13, 3, 7, '发', '第三板', '正手', '失', 7),
(420, 18, 13, 3, 7, '发', '发球', '发球', '得', 8),
(421, 18, 13, 3, 8, '接', '第六板', '反手', '失', 8),
(422, 18, 13, 3, 8, '接', '相持', '正手', '失', 9),
(423, 18, 13, 3, 8, '发', '第三板', '侧身', '失', 10),
(424, 18, 13, 4, 0, '发', '第三板', '正手', '得', 0),
(425, 18, 13, 4, 1, '发', '第五板', '正手', '失', 0),
(426, 18, 13, 4, 1, '接', '相持', '侧身', '得', 1),
(427, 18, 13, 4, 2, '接', '相持', '正手', '失', 1),
(428, 18, 13, 4, 2, '发', '第三板', '反手', '失', 2),
(429, 18, 13, 4, 2, '发', '第三板', '反手', '得', 3),
(430, 18, 13, 4, 3, '接', '第四板', '正手', '失', 3),
(431, 18, 13, 4, 3, '接', '第四板', '反手', '得', 4),
(432, 18, 13, 4, 4, '发', '第三板', '侧身', '得', 4),
(433, 18, 13, 4, 5, '发', '第三板', '反手', '失', 4),
(434, 18, 13, 4, 5, '接', '接发球', '反手', '得', 5),
(435, 18, 13, 4, 6, '接', '接发球', '控制', '得', 5),
(436, 18, 13, 4, 7, '发', '第三板', '正手', '失', 5),
(437, 18, 13, 4, 7, '发', '第三板', '正手', '失', 6),
(438, 18, 13, 4, 7, '接', '接发球', '反手', '得', 7),
(439, 18, 13, 4, 8, '接', '第四板', '反手', '失', 7),
(440, 18, 13, 4, 8, '发', '发球', '发球', '得', 8),
(441, 18, 13, 4, 9, '发', '发球', '发球', '得', 8),
(442, 18, 13, 4, 10, '接', '接发球', '正手', '失', 8),
(443, 18, 13, 4, 10, '接', '第六板', '正手', '失', 9),
(444, 18, 13, 4, 10, '发', '第五板', '侧身', '失', 10),
(445, 18, 13, 4, 10, '接', '第四板', '反手', '失', 11),
(446, 18, 13, 5, 0, '接', '相持', '侧身', '失', 0),
(447, 18, 13, 5, 0, '接', '相持', '正手', '得', 1),
(448, 18, 13, 5, 1, '发', '第五板', '正手', '失', 1),
(449, 18, 13, 5, 1, '发', '第三板', '反手', '失', 2),
(450, 18, 13, 5, 1, '接', '第四板', '控制', '失', 3),
(451, 18, 13, 5, 1, '接', '第四板', '反手', '失', 4),
(452, 18, 13, 5, 1, '发', '相持', '反手', '失', 5),
(453, 18, 13, 5, 1, '发', '相持', '正手', '失', 6),
(454, 18, 13, 5, 1, '接', '第四板', '侧身', '得', 7),
(455, 18, 13, 5, 2, '接', '第六板', '反手', '失', 7),
(456, 18, 13, 5, 2, '发', '相持', '反手', '失', 8),
(457, 18, 13, 5, 2, '发', '第三板', '反手', '得', 9),
(458, 18, 13, 5, 3, '接', '相持', '反手', '得', 9),
(459, 18, 13, 5, 4, '接', '相持', '正手', '失', 9),
(460, 18, 13, 5, 4, '发', '发球', '发球', '得', 10),
(461, 18, 13, 5, 5, '发', '第三板', '正手', '得', 10),
(462, 18, 13, 5, 6, '接', '第四板', '正手', '失', 10),
(463, 19, 14, 1, 0, '接', '第六板', '反手', '得', 0),
(464, 19, 14, 1, 1, '接', '第四板', '正手', '得', 0),
(465, 19, 14, 1, 2, '发', '相持', '反手', '得', 0),
(466, 19, 14, 1, 3, '发', '第三板', '侧身', '失', 0),
(467, 19, 14, 1, 3, '接', '第四板', '反手', '得', 1),
(468, 19, 14, 1, 4, '接', '接发球', '控制', '失', 1),
(469, 19, 14, 1, 4, '发', '第三板', '反手', '得', 2),
(470, 19, 14, 1, 5, '发', '第三板', '控制', '得', 2),
(471, 19, 14, 1, 6, '接', '第四板', '正手', '失', 2),
(472, 19, 14, 1, 6, '接', '相持', '反手', '得', 3),
(473, 19, 14, 1, 7, '发', '第五板', '正手', '得', 3),
(474, 19, 14, 1, 8, '发', '相持', '侧身', '得', 3),
(475, 19, 14, 1, 9, '接', '第四板', '正手', '失', 3),
(476, 19, 14, 1, 9, '接', '相持', '反手', '得', 4),
(477, 19, 14, 1, 10, '发', '第三板', '正手', '失', 4),
(478, 19, 14, 1, 10, '发', '第三板', '反手', '失', 5),
(479, 19, 14, 1, 10, '接', '相持', '正手', '得', 6),
(480, 19, 14, 2, 0, '发', '发球', '发球', '失', 0),
(481, 19, 14, 2, 0, '发', '相持', '正手', '得', 1),
(482, 19, 14, 2, 1, '接', '接发球', '控制', '失', 1),
(483, 19, 14, 2, 1, '接', '第六板', '侧身', '得', 2),
(484, 19, 14, 2, 2, '发', '相持', '正手', '失', 2),
(485, 19, 14, 2, 2, '发', '第三板', '侧身', '得', 3),
(486, 19, 14, 2, 3, '接', '相持', '正手', '失', 3),
(487, 19, 14, 2, 3, '接', '接发球', '控制', '失', 4),
(488, 19, 14, 2, 3, '发', '相持', '反手', '得', 5),
(489, 19, 14, 2, 4, '发', '第五板', '正手', '失', 5),
(490, 19, 14, 2, 4, '接', '第四板', '反手', '失', 6),
(491, 19, 14, 2, 4, '接', '第四板', '正手', '失', 7),
(492, 19, 14, 2, 4, '发', '第三板', '正手', '得', 8),
(493, 19, 14, 2, 5, '发', '相持', '正手', '失', 8),
(494, 19, 14, 2, 5, '接', '第四板', '正手', '得', 9),
(495, 19, 14, 2, 6, '接', '接发球', '控制', '失', 9),
(496, 19, 14, 2, 6, '发', '第三板', '反手', '失', 10),
(497, 19, 14, 3, 0, '接', '第四板', '反手', '得', 0),
(498, 19, 14, 3, 1, '接', '第四板', '反手', '得', 0),
(499, 19, 14, 3, 2, '发', '第三板', '反手', '得', 0),
(500, 19, 14, 3, 3, '发', '相持', '反手', '得', 0),
(501, 19, 14, 3, 4, '接', '接发球', '正手', '得', 0),
(502, 19, 14, 3, 5, '接', '相持', '反手', '失', 0),
(503, 19, 14, 3, 5, '发', '相持', '反手', '失', 1),
(504, 19, 14, 3, 5, '发', '相持', '反手', '失', 2),
(505, 19, 14, 3, 5, '接', '接发球', '正手', '得', 3),
(506, 19, 14, 3, 6, '接', '接发球', '正手', '失', 3),
(507, 19, 14, 3, 6, '发', '第五板', '正手', '得', 4),
(508, 19, 14, 3, 7, '发', '第三板', '反手', '失', 4),
(509, 19, 14, 3, 7, '接', '第四板', '正手', '失', 5),
(510, 19, 14, 3, 7, '接', '相持', '反手', '失', 6),
(511, 19, 14, 3, 7, '发', '第三板', '控制', '得', 7),
(512, 19, 14, 3, 8, '发', '第三板', '侧身', '得', 7),
(513, 19, 14, 3, 9, '接', '相持', '正手', '得', 7),
(514, 19, 14, 3, 10, '接', '接发球', '正手', '得', 7),
(515, 19, 14, 4, 0, '发', '第三板', '控制', '得', 0),
(516, 19, 14, 4, 1, '发', '相持', '反手', '得', 0),
(517, 19, 14, 4, 2, '接', '接发球', '正手', '失', 0),
(518, 19, 14, 4, 3, '接', '接发球', '正手', '得', 0),
(519, 19, 14, 4, 3, '发', '第三板', '侧身', '失', 1),
(520, 19, 14, 4, 3, '发', '第五板', '反手', '失', 2),
(521, 19, 14, 4, 3, '接', '接发球', '正手', '失', 3),
(522, 19, 14, 4, 3, '接', '接发球', '正手', '得', 4),
(523, 19, 14, 4, 4, '发', '第三板', '正手', '失', 4),
(524, 19, 14, 4, 4, '发', '第三板', '反手', '得', 5),
(525, 19, 14, 4, 5, '接', '相持', '反手', '得', 5),
(526, 19, 14, 4, 6, '接', '相持', '正手', '得', 5),
(527, 19, 14, 4, 7, '发', '相持', '反手', '失', 5),
(528, 19, 14, 4, 7, '发', '相持', '反手', '失', 6),
(529, 19, 14, 4, 7, '接', '相持', '正手', '得', 7),
(530, 19, 14, 4, 8, '接', '第四板', '正手', '得', 7),
(531, 19, 14, 4, 9, '发', '相持', '正手', '失', 7),
(532, 19, 14, 4, 9, '发', '第三板', '侧身', '得', 8),
(533, 19, 14, 4, 10, '接', '相持', '正手', '失', 8),
(534, 19, 14, 4, 10, '接', '第四板', '侧身', '失', 9),
(535, 19, 14, 4, 10, '发', '发球', '发球', '得', 10),
(536, 19, 14, 4, 11, '接', '接发球', '正手', '失', 10),
(537, 19, 14, 4, 11, '发', '相持', '侧身', '得', 11),
(538, 19, 14, 4, 12, '接', '第四板', '正手', '得', 11),
(539, 19, 14, 5, 0, '接', '相持', '反手', '失', 0),
(540, 19, 14, 5, 0, '接', '相持', '侧身', '失', 1),
(541, 19, 14, 5, 0, '发', '第三板', '反手', '失', 2),
(542, 19, 14, 5, 0, '发', '第五板', '反手', '得', 3),
(543, 19, 14, 5, 1, '接', '接发球', '正手', '失', 3),
(544, 19, 14, 5, 1, '接', '相持', '正手', '失', 4),
(545, 19, 14, 5, 1, '发', '第三板', '控制', '失', 5),
(546, 19, 14, 5, 1, '发', '第三板', '正手', '得', 6),
(547, 19, 14, 5, 2, '接', '相持', '正手', '失', 6),
(548, 19, 14, 5, 2, '接', '第六板', '反手', '失', 7),
(549, 19, 14, 5, 2, '发', '第三板', '正手', '失', 8),
(550, 19, 14, 5, 2, '发', '第三板', '正手', '得', 9),
(551, 19, 14, 5, 3, '接', '第四板', '反手', '得', 9),
(552, 19, 14, 5, 4, '接', '相持', '侧身', '得', 9),
(553, 19, 14, 5, 5, '发', '第三板', '正手', '得', 9),
(554, 19, 14, 5, 6, '发', '第三板', '侧身', '得', 9),
(555, 19, 14, 5, 7, '接', '第四板', '侧身', '失', 9),
(556, 19, 14, 5, 7, '接', '接发球', '正手', '得', 10),
(557, 19, 14, 5, 8, '发', '第三板', '反手', '失', 10),
(558, 19, 14, 6, 0, '发', '相持', '侧身', '得', 0),
(559, 19, 14, 6, 1, '发', '第三板', '反手', '得', 0),
(560, 19, 14, 6, 2, '接', '第四板', '侧身', '失', 0),
(561, 19, 14, 6, 2, '接', '第四板', '正手', '失', 1),
(562, 19, 14, 6, 2, '发', '第三板', '侧身', '得', 2),
(563, 19, 14, 6, 3, '发', '相持', '反手', '失', 2),
(564, 19, 14, 6, 3, '接', '第四板', '正手', '得', 3),
(565, 19, 14, 6, 4, '接', '接发球', '正手', '得', 3),
(566, 19, 14, 6, 5, '发', '相持', '反手', '失', 3),
(567, 19, 14, 6, 5, '发', '第五板', '侧身', '得', 4),
(568, 19, 14, 6, 6, '接', '相持', '正手', '得', 4),
(569, 19, 14, 6, 7, '接', '相持', '反手', '得', 4),
(570, 19, 14, 6, 8, '发', '相持', '正手', '失', 4),
(571, 19, 14, 6, 8, '发', '相持', '反手', '失', 5),
(572, 19, 14, 6, 8, '接', '相持', '反手', '失', 6),
(573, 19, 14, 6, 8, '接', '第六板', '正手', '失', 7),
(574, 19, 14, 6, 8, '发', '第三板', '侧身', '失', 8),
(575, 19, 14, 6, 8, '发', '相持', '反手', '失', 9),
(576, 19, 14, 6, 8, '接', '第四板', '正手', '得', 10),
(577, 19, 14, 6, 9, '接', '相持', '正手', '失', 10),
(578, 19, 14, 7, 0, '接', '相持', '正手', '得', 0),
(579, 19, 14, 7, 1, '接', '相持', '侧身', '得', 0),
(580, 19, 14, 7, 2, '发', '相持', '侧身', '失', 0),
(581, 19, 14, 7, 2, '发', '发球', '发球', '得', 1),
(582, 19, 14, 7, 3, '接', '相持', '正手', '得', 1),
(583, 19, 14, 7, 4, '接', '相持', '反手', '得', 1),
(584, 19, 14, 7, 5, '发', '发球', '发球', '得', 1),
(585, 19, 14, 7, 6, '发', '第三板', '反手', '得', 1),
(586, 19, 14, 7, 7, '接', '接发球', '正手', '得', 1),
(587, 19, 14, 7, 8, '接', '相持', '正手', '得', 1),
(588, 19, 14, 7, 9, '发', '第五板', '侧身', '得', 1),
(589, 19, 14, 7, 10, '发', '第三板', '反手', '失', 1),
(590, 19, 14, 7, 10, '接', '接发球', '正手', '得', 2),
(591, 20, 14, 1, 0, '发', '相持', '反手', '失', 0),
(592, 20, 14, 1, 0, '发', '第五板', '正手', '失', 1),
(593, 20, 14, 1, 0, '接', '相持', '反手', '失', 2),
(594, 20, 14, 1, 0, '接', '接发球', '正手', '得', 3),
(595, 20, 14, 1, 1, '发', '第五板', '反手', '失', 3),
(596, 20, 14, 1, 1, '发', '发球', '发球', '得', 4),
(597, 20, 14, 1, 2, '接', '第四板', '反手', '失', 4),
(598, 20, 14, 1, 2, '接', '第四板', '控制', '失', 5),
(599, 20, 14, 1, 2, '发', '第三板', '正手', '得', 6),
(600, 20, 14, 1, 3, '发', '相持', '侧身', '失', 6),
(601, 20, 14, 1, 3, '接', '第六板', '正手', '失', 7),
(602, 20, 14, 1, 3, '接', '相持', '反手', '失', 8),
(603, 20, 14, 1, 3, '发', '第三板', '正手', '得', 9),
(604, 20, 14, 1, 4, '发', '相持', '反手', '失', 9),
(605, 20, 14, 1, 4, '接', '接发球', '正手', '得', 10),
(606, 20, 14, 1, 5, '接', '接发球', '控制', '得', 10),
(607, 20, 14, 1, 6, '发', '相持', '正手', '失', 10),
(608, 20, 14, 2, 0, '接', '接发球', '对手发失', '得', 0),
(609, 20, 14, 2, 1, '接', '相持', '正手', '失', 0),
(610, 20, 14, 2, 1, '发', '发球', '发球', '得', 1),
(611, 20, 14, 2, 2, '发', '相持', '反手', '失', 1),
(612, 20, 14, 2, 2, '接', '相持', '反手', '得', 2),
(613, 20, 14, 2, 3, '接', '第四板', '正手', '失', 2),
(614, 20, 14, 2, 3, '发', '相持', '正手', '得', 3),
(615, 20, 14, 2, 4, '发', '发球', '发球', '得', 3),
(616, 20, 14, 2, 5, '接', '相持', '反手', '失', 3),
(617, 20, 14, 2, 5, '接', '第四板', '反手', '得', 4),
(618, 20, 14, 2, 6, '发', '第三板', '正手', '得', 4),
(619, 20, 14, 2, 7, '发', '第三板', '反手', '得', 4),
(620, 20, 14, 2, 8, '接', '第四板', '正手', '失', 4),
(621, 20, 14, 2, 8, '接', '相持', '反手', '得', 5),
(622, 20, 14, 2, 9, '发', '第五板', '正手', '失', 5),
(623, 20, 14, 2, 9, '发', '发球', '发球', '得', 6),
(624, 20, 14, 2, 10, '接', '接发球', '正手', '得', 6),
(625, 20, 14, 3, 0, '发', '第五板', '反手', '失', 0),
(626, 20, 14, 3, 0, '发', '第五板', '反手', '失', 1),
(627, 20, 14, 3, 0, '接', '第四板', '反手', '失', 2),
(628, 20, 14, 3, 0, '接', '相持', '反手', '失', 3),
(629, 20, 14, 3, 0, '发', '第三板', '正手', '失', 4),
(630, 20, 14, 3, 0, '发', '相持', '反手', '得', 5),
(631, 20, 14, 3, 1, '接', '相持', '反手', '得', 5),
(632, 20, 14, 3, 2, '接', '相持', '反手', '得', 5),
(633, 20, 14, 3, 3, '发', '第三板', '正手', '失', 5),
(634, 20, 14, 3, 3, '发', '发球', '发球', '得', 6),
(635, 20, 14, 3, 4, '接', '第六板', '正手', '失', 6),
(636, 20, 14, 3, 4, '接', '接发球', '正手', '得', 7),
(637, 20, 14, 3, 5, '发', '第三板', '正手', '得', 7),
(638, 20, 14, 3, 6, '发', '相持', '反手', '得', 7),
(639, 20, 14, 3, 7, '接', '第四板', '控制', '失', 7),
(640, 20, 14, 3, 7, '接', '第四板', '反手', '失', 8),
(641, 20, 14, 3, 7, '发', '相持', '正手', '失', 9),
(642, 20, 14, 3, 7, '发', '第三板', '正手', '失', 10),
(643, 20, 14, 4, 0, '接', '第四板', '控制', '失', 0),
(644, 20, 14, 4, 0, '接', '相持', '反手', '失', 1),
(645, 20, 14, 4, 0, '发', '发球', '发球', '得', 2),
(646, 20, 14, 4, 0, '发', '第三板', '正手', '失', 3),
(647, 20, 14, 4, 1, '接', '接发球', '正手', '得', 3),
(648, 20, 14, 4, 2, '接', '第四板', '反手', '得', 3),
(649, 20, 14, 4, 3, '发', '发球', '发球', '得', 3),
(650, 20, 14, 4, 4, '发', '第三板', '正手', '失', 3),
(651, 20, 14, 4, 4, '接', '接发球', '正手', '得', 4),
(652, 20, 14, 4, 5, '接', '第四板', '正手', '失', 4),
(653, 20, 14, 4, 5, '发', '相持', '正手', '失', 5),
(654, 20, 14, 4, 5, '发', '相持', '正手', '失', 6),
(655, 20, 14, 4, 5, '接', '相持', '反手', '得', 7),
(656, 20, 14, 4, 6, '接', '相持', '反手', '得', 7),
(657, 20, 14, 4, 7, '发', '相持', '正手', '失', 7),
(658, 20, 14, 4, 7, '发', '第五板', '正手', '失', 8),
(659, 20, 14, 4, 7, '接', '相持', '反手', '得', 9),
(660, 20, 14, 4, 8, '接', '第四板', '反手', '失', 9),
(661, 20, 14, 4, 8, '发', '相持', '正手', '得', 10),
(662, 20, 14, 4, 9, '发', '第三板', '反手', '得', 10),
(663, 20, 14, 4, 10, '接', '接发球', '正手', '失', 10),
(664, 20, 14, 4, 10, '发', '发球', '发球', '得', 11),
(665, 20, 14, 4, 11, '接', '相持', '反手', '失', 11),
(666, 20, 14, 4, 11, '发', '第五板', '正手', '失', 12),
(667, 20, 14, 5, 0, '发', '相持', '反手', '得', 0),
(668, 20, 14, 5, 1, '发', '相持', '反手', '得', 0),
(669, 20, 14, 5, 2, '接', '接发球', '正手', '得', 0),
(670, 20, 14, 5, 3, '接', '第六板', '反手', '失', 0),
(671, 20, 14, 5, 3, '发', '发球', '发球', '得', 1),
(672, 20, 14, 5, 4, '发', '相持', '正手', '得', 1),
(673, 20, 14, 5, 5, '接', '接发球', '控制', '得', 1),
(674, 20, 14, 5, 6, '接', '第四板', '正手', '失', 1),
(675, 20, 14, 5, 6, '发', '相持', '反手', '得', 2),
(676, 20, 14, 5, 7, '发', '第五板', '正手', '得', 2),
(677, 20, 14, 5, 8, '接', '接发球', '正手', '得', 2),
(678, 20, 14, 5, 9, '接', '第四板', '正手', '失', 2),
(679, 20, 14, 5, 9, '发', '第五板', '反手', '失', 3),
(680, 20, 14, 5, 9, '发', '相持', '反手', '失', 4),
(681, 20, 14, 5, 9, '接', '第四板', '正手', '失', 5),
(682, 20, 14, 5, 9, '接', '第四板', '反手', '失', 6),
(683, 20, 14, 5, 9, '发', '第三板', '正手', '得', 7),
(684, 20, 14, 5, 10, '发', '第三板', '反手', '失', 7),
(685, 20, 14, 5, 10, '接', '接发球', '正手', '得', 8),
(686, 20, 14, 6, 0, '接', '相持', '反手', '失', 0),
(687, 20, 14, 6, 0, '接', '第四板', '反手', '失', 1),
(688, 20, 14, 6, 0, '发', '第三板', '正手', '得', 2),
(689, 20, 14, 6, 1, '发', '第三板', '正手', '得', 2),
(690, 20, 14, 6, 2, '接', '第四板', '反手', '失', 2),
(691, 20, 14, 6, 2, '接', '相持', '反手', '得', 3),
(692, 20, 14, 6, 3, '发', '第五板', '反手', '失', 3),
(693, 20, 14, 6, 3, '发', '第三板', '正手', '失', 4),
(694, 20, 14, 6, 3, '接', '相持', '反手', '得', 5),
(695, 20, 14, 6, 4, '接', '第六板', '反手', '失', 5),
(696, 20, 14, 6, 4, '发', '相持', '侧身', '失', 6),
(697, 20, 14, 6, 4, '发', '相持', '正手', '失', 7),
(698, 20, 14, 6, 4, '接', '相持', '侧身', '得', 8),
(699, 20, 14, 6, 5, '接', '相持', '正手', '得', 8),
(700, 20, 14, 6, 6, '发', '相持', '反手', '得', 8),
(701, 20, 14, 6, 7, '发', '第五板', '正手', '得', 8),
(702, 20, 14, 6, 8, '接', '接发球', '控制', '得', 8),
(703, 20, 14, 6, 9, '接', '相持', '侧身', '得', 8),
(704, 20, 14, 6, 10, '发', '第五板', '正手', '失', 8),
(705, 20, 14, 6, 10, '发', '相持', '正手', '得', 9),
(706, 20, 14, 7, 0, '发', '相持', '正手', '失', 0),
(707, 20, 14, 7, 0, '发', '相持', '反手', '失', 1),
(708, 20, 14, 7, 0, '接', '相持', '反手', '得', 2),
(709, 20, 14, 7, 1, '接', '接发球', '控制', '失', 2),
(710, 20, 14, 7, 1, '发', '相持', '反手', '失', 3),
(711, 20, 14, 7, 1, '发', '相持', '侧身', '失', 4),
(712, 20, 14, 7, 1, '接', '接发球', '正手', '失', 5),
(713, 20, 14, 7, 1, '接', '第四板', '反手', '失', 6),
(714, 20, 14, 7, 1, '发', '第三板', '正手', '失', 7),
(715, 20, 14, 7, 1, '发', '相持', '正手', '失', 8),
(716, 20, 14, 7, 1, '接', '第六板', '反手', '失', 9),
(717, 20, 14, 7, 1, '接', '接发球', '正手', '得', 10),
(718, 20, 14, 7, 2, '发', '第三板', '反手', '失', 10),
(719, 19, 15, 1, 0, '发', '第三板', '控制', '失', 0),
(720, 19, 15, 1, 0, '发', '第五板', '反手', '得', 1),
(721, 19, 15, 1, 1, '接', '相持', '反手', '得', 1),
(722, 19, 15, 1, 2, '接', '第四板', '正手', '失', 1),
(723, 19, 15, 1, 2, '发', '第三板', '正手', '得', 2),
(724, 19, 15, 1, 3, '发', '相持', '反手', '失', 2),
(725, 19, 15, 1, 3, '接', '第四板', '反手', '失', 3),
(726, 19, 15, 1, 3, '接', '第四板', '正手', '失', 4),
(727, 19, 15, 1, 3, '发', '发球', '发球', '得', 5),
(728, 19, 15, 1, 4, '发', '发球', '发球', '得', 5),
(729, 19, 15, 1, 5, '接', '接发球', '控制', '得', 5),
(730, 19, 15, 1, 6, '接', '接发球', '控制', '得', 5),
(731, 19, 15, 1, 7, '发', '第三板', '反手', '得', 5),
(732, 19, 15, 1, 8, '发', '第三板', '控制', '失', 5),
(733, 19, 15, 1, 8, '接', '接发球', '正手', '得', 6),
(734, 19, 15, 1, 9, '接', '接发球', '控制', '得', 6),
(735, 19, 15, 1, 10, '发', '相持', '正手', '得', 6),
(736, 19, 15, 2, 0, '接', '第四板', '正手', '得', 0),
(737, 19, 15, 2, 1, '接', '相持', '正手', '失', 0),
(738, 19, 15, 2, 1, '发', '第三板', '正手', '得', 1),
(739, 19, 15, 2, 2, '发', '第三板', '侧身', '得', 1),
(740, 19, 15, 2, 3, '接', '第六板', '反手', '失', 1),
(741, 19, 15, 2, 3, '接', '第四板', '反手', '得', 2),
(742, 19, 15, 2, 4, '发', '第三板', '侧身', '失', 2),
(743, 19, 15, 2, 4, '发', '第三板', '反手', '得', 3),
(744, 19, 15, 2, 5, '接', '第四板', '控制', '得', 3),
(745, 19, 15, 2, 6, '接', '接发球', '正手', '得', 3),
(746, 19, 15, 2, 7, '发', '第三板', '反手', '得', 3),
(747, 19, 15, 2, 8, '发', '第三板', '正手', '失', 3),
(748, 19, 15, 2, 8, '接', '相持', '反手', '失', 4),
(749, 19, 15, 2, 8, '接', '第六板', '正手', '得', 5),
(750, 19, 15, 2, 9, '发', '第三板', '正手', '得', 5),
(751, 19, 15, 2, 10, '发', '第三板', '反手', '失', 5),
(752, 19, 15, 2, 10, '接', '第四板', '反手', '失', 6),
(753, 19, 15, 2, 10, '接', '第四板', '正手', '失', 7),
(754, 19, 15, 2, 10, '发', '第三板', '反手', '失', 8),
(755, 19, 15, 2, 10, '发', '第三板', '反手', '失', 9),
(756, 19, 15, 2, 10, '接', '相持', '正手', '得', 10),
(757, 19, 15, 2, 11, '发', '第三板', '侧身', '得', 10),
(758, 19, 15, 3, 0, '发', '第三板', '反手', '得', 0),
(759, 19, 15, 3, 1, '发', '相持', '反手', '失', 0),
(760, 19, 15, 3, 1, '接', '第五板', '侧身', '得', 1),
(761, 19, 15, 3, 2, '接', '接发球', '控制', '得', 1),
(762, 19, 15, 3, 3, '发', '发球', '发球', '得', 1),
(763, 19, 15, 3, 4, '发', '第三板', '侧身', '失', 1),
(764, 19, 15, 3, 4, '接', '接发球', '正手', '失', 2),
(765, 19, 15, 3, 4, '接', '相持', '正手', '失', 3),
(766, 19, 15, 3, 4, '发', '第三板', '正手', '得', 4),
(767, 19, 15, 3, 5, '发', '第三板', '反手', '失', 4),
(768, 19, 15, 3, 5, '接', '相持', '正手', '得', 5),
(769, 19, 15, 3, 6, '接', '第四板', '正手', '失', 5),
(770, 19, 15, 3, 6, '发', '第五板', '正手', '得', 6),
(771, 19, 15, 3, 7, '发', '相持', '反手', '失', 6),
(772, 19, 15, 3, 7, '接', '相持', '正手', '得', 7),
(773, 19, 15, 3, 8, '接', '接发球', '控制', '失', 7),
(774, 19, 15, 3, 8, '发', '第三板', '反手', '得', 8),
(775, 19, 15, 3, 9, '发', '第三板', '反手', '得', 8),
(776, 19, 15, 3, 10, '接', '相持', '侧身', '得', 8),
(777, 19, 15, 4, 0, '接', '第四板', '反手', '失', 0),
(778, 19, 15, 4, 0, '接', '接发球', '控制', '得', 1),
(779, 19, 15, 4, 1, '发', '第三板', '侧身', '得', 1),
(780, 19, 15, 4, 2, '发', '第三板', '正手', '失', 1),
(781, 19, 15, 4, 2, '接', '第四板', '正手', '失', 2),
(782, 19, 15, 4, 2, '接', '接发球', '正手', '失', 3),
(783, 19, 15, 4, 2, '发', '第三板', '反手', '得', 4),
(784, 19, 15, 4, 3, '发', '第三板', '反手', '得', 4),
(785, 19, 15, 4, 4, '接', '第六板', '正手', '失', 4),
(786, 19, 15, 4, 4, '接', '相持', '正手', '得', 5),
(787, 19, 15, 4, 5, '发', '相持', '正手', '得', 5),
(788, 19, 15, 4, 6, '发', '发球', '发球', '得', 5),
(789, 19, 15, 4, 7, '接', '相持', '反手', '失', 5),
(790, 19, 15, 4, 7, '接', '第四板', '正手', '失', 6),
(791, 19, 15, 4, 7, '发', '第五板', '正手', '得', 7),
(792, 19, 15, 4, 8, '发', '发球', '发球', '得', 7),
(793, 19, 15, 4, 9, '接', '第四板', '反手', '得', 7),
(794, 19, 15, 4, 10, '接', '第四板', '侧身', '失', 7),
(795, 19, 15, 4, 10, '发', '发球', '发球', '得', 8),
(796, 21, 15, 1, 0, '接', '接发球', '控制', '得', 0),
(797, 21, 15, 1, 1, '接', '第六板', '反手', '失', 0),
(798, 21, 15, 1, 1, '发', '相持', '反手', '失', 1),
(799, 21, 15, 1, 1, '发', '第三板', '正手', '得', 2),
(800, 21, 15, 1, 2, '接', '第四板', '反手', '失', 2),
(801, 21, 15, 1, 2, '接', '相持', '反手', '得', 3),
(802, 21, 15, 1, 3, '发', '第三板', '控制', '得', 3),
(803, 21, 15, 1, 4, '发', '第三板', '正手', '得', 3),
(804, 21, 15, 1, 5, '接', '接发球', '控制', '失', 3),
(805, 21, 15, 1, 5, '接', '接发球', '控制', '失', 4),
(806, 21, 15, 1, 5, '发', '第三板', '控制', '失', 5),
(807, 21, 15, 1, 5, '发', '第三板', '控制', '失', 6),
(808, 21, 15, 1, 5, '接', '第四板', '反手', '失', 7),
(809, 21, 15, 1, 5, '接', '第四板', '正手', '得', 8),
(810, 21, 15, 1, 6, '发', '第三板', '反手', '失', 8),
(811, 21, 15, 1, 6, '发', '第三板', '正手', '失', 9),
(812, 21, 15, 1, 6, '接', '相持', '控制', '失', 10),
(813, 21, 15, 2, 0, '发', '第五板', '正手', '失', 0),
(814, 21, 15, 2, 0, '发', '相持', '正手', '得', 1),
(815, 21, 15, 2, 1, '接', '第四板', '正手', '失', 1),
(816, 21, 15, 2, 1, '接', '第四板', '正手', '失', 2),
(817, 21, 15, 2, 1, '发', '第五板', '侧身', '得', 3),
(818, 21, 15, 2, 2, '发', '第五板', '反手', '失', 3),
(819, 21, 15, 2, 2, '接', '接发球', '反手', '得', 4),
(820, 21, 15, 2, 3, '接', '第四板', '侧身', '失', 4),
(821, 21, 15, 2, 3, '发', '第五板', '反手', '失', 5),
(822, 21, 15, 2, 3, '发', '第三板', '控制', '失', 6),
(823, 21, 15, 2, 3, '接', '第四板', '正手', '失', 7),
(824, 21, 15, 2, 3, '接', '接发球', '反手', '得', 8),
(825, 21, 15, 2, 4, '发', '相持', '正手', '得', 8),
(826, 21, 15, 2, 5, '发', '相持', '反手', '失', 8),
(827, 21, 15, 2, 5, '接', '第四板', '正手', '失', 9),
(828, 21, 15, 2, 5, '接', '接发球', '正手', '得', 10),
(829, 21, 15, 2, 6, '发', '第五板', '反手', '得', 10),
(830, 21, 15, 2, 7, '发', '第五板', '反手', '得', 10),
(831, 21, 15, 2, 8, '接', '接发球', '正手', '得', 10),
(832, 21, 15, 2, 9, '接', '接发球', '反手', '得', 10),
(833, 21, 15, 2, 10, '发', '相持', '反手', '失', 10),
(834, 21, 15, 2, 10, '接', '第四板', '正手', '失', 11),
(835, 21, 15, 3, 0, '接', '第四板', '侧身', '失', 0),
(836, 21, 15, 3, 0, '接', '相持', '反手', '得', 1),
(837, 21, 15, 3, 1, '发', '第六板', '反手', '失', 1),
(838, 21, 15, 3, 1, '发', '第三板', '侧身', '失', 2),
(839, 21, 15, 3, 1, '接', '接发球', '控制', '失', 3),
(840, 21, 15, 3, 1, '接', '接发球', '正手', '得', 4),
(841, 21, 15, 3, 2, '发', '发球', '发球', '得', 4),
(842, 21, 15, 3, 3, '发', '相持', '正手', '得', 4),
(843, 21, 15, 3, 4, '接', '第四板', '正手', '失', 4),
(844, 21, 15, 3, 4, '接', '接发球', '正手', '得', 5),
(845, 21, 15, 3, 5, '发', '相持', '反手', '失', 5),
(846, 21, 15, 3, 5, '发', '第三板', '正手', '得', 6),
(847, 21, 15, 3, 6, '接', '第六板', '正手', '失', 6),
(848, 21, 15, 3, 6, '接', '相持', '正手', '得', 7),
(849, 21, 15, 3, 7, '发', '相持', '反手', '失', 7),
(850, 21, 15, 3, 7, '发', '发球', '发球', '得', 8),
(851, 21, 15, 3, 8, '接', '第四板', '正手', '失', 8),
(852, 21, 15, 3, 8, '接', '第四板', '反手', '失', 9),
(853, 21, 15, 3, 8, '发', '相持', '反手', '失', 10),
(854, 21, 15, 4, 0, '发', '第三板', '侧身', '得', 0),
(855, 21, 15, 4, 1, '发', '第三板', '正手', '失', 0),
(856, 21, 15, 4, 1, '接', '第四板', '反手', '失', 1),
(857, 21, 15, 4, 1, '接', '接发球', '正手', '得', 2),
(858, 21, 15, 4, 2, '发', '第三板', '正手', '得', 2),
(859, 21, 15, 4, 3, '发', '发球', '发球', '得', 2),
(860, 21, 15, 4, 4, '接', '第四板', '反手', '失', 2),
(861, 21, 15, 4, 4, '接', '第四板', '反手', '失', 3),
(862, 21, 15, 4, 4, '发', '第五板', '反手', '得', 4),
(863, 21, 15, 4, 5, '发', '相持', '正手', '失', 4),
(864, 21, 15, 4, 5, '接', '相持', '正手', '失', 5),
(865, 21, 15, 4, 5, '接', '接发球', '正手', '失', 6),
(866, 21, 15, 4, 5, '发', '相持', '反手', '得', 7),
(867, 21, 15, 4, 6, '发', '第三板', '反手', '得', 7),
(868, 21, 15, 4, 7, '接', '第六板', '正手', '失', 7),
(869, 21, 15, 4, 7, '接', '接发球', '正手', '失', 8),
(870, 21, 15, 4, 7, '发', '第五板', '正手', '失', 9),
(871, 21, 15, 4, 7, '发', '第三板', '反手', '得', 10),
(872, 21, 15, 4, 8, '接', '接发球', '正手', '失', 10);

-- --------------------------------------------------------

--
-- 表的结构 `message`
--

CREATE TABLE `message` (
  `id` int(11) NOT NULL,
  `game_name` varchar(50) DEFAULT NULL,
  `game_date` date DEFAULT NULL,
  `game_time` time DEFAULT NULL,
  `game_stage` varchar(20) DEFAULT NULL COMMENT '比赛项目',
  `user_a` varchar(20) DEFAULT NULL,
  `user_b` varchar(20) DEFAULT NULL,
  `game_project` varchar(10) DEFAULT NULL,
  `state` varchar(20) DEFAULT NULL,
  `city` varchar(20) DEFAULT NULL,
  `show` int(1) DEFAULT NULL,
  `add_time` datetime DEFAULT NULL,
  `states` int(1) UNSIGNED DEFAULT '2'
) ENGINE=InnoDB DEFAULT CHARSET=utf8 COMMENT='上线下线状态';

--
-- 转存表中的数据 `message`
--

INSERT INTO `message` (`id`, `game_name`, `game_date`, `game_time`, `game_stage`, `user_a`, `user_b`, `game_project`, `state`, `city`, `show`, `add_time`, `states`) VALUES
(1, '世界乒乓球大赛', '2018-08-16', '08:00:00', '淘汰赛', '2', '6', '男单', '美国', '旧金山', 1, '2018-08-06 00:24:20', 1),
(2, '北京赛', '2018-08-17', '06:00:00', '小组第一轮', '3', '4', '男单', '中国', '北京', 1, '2018-08-06 00:58:04', 1),
(3, '北京赛', '2018-08-17', '06:00:00', '小组第二轮', '2', '3', '女单', '中国', '北京', 1, '2018-08-06 00:58:04', 2),
(4, '北京赛', '2018-08-17', '06:00:00', '1/4决赛', '3', '4', '男单', '中国', '北京', 1, '2018-08-06 00:58:04', 2),
(5, '北京赛', '2018-08-17', '06:00:00', '1/4决赛', '5', '6', '男单', '中国', '北京', 1, '2018-08-06 00:58:04', 2),
(6, '北京赛', '2018-08-17', '06:00:00', '1/4决赛', '1', '2', '男单', '中国', '北京', 1, '2018-08-06 00:58:04', 2),
(13, '世界乒乓球大赛', '2018-08-14', '04:00:00', '小组第一轮', '17', '18', '男单', '中国', '哈尔滨', 1, '2018-08-14 00:44:18', 1),
(14, '2018年匈牙利公开赛四分之一决赛', '2018-08-14', '04:04:00', '1/4决赛', '19', '20', '男单', '中国', '苏州', 1, '2018-08-14 23:53:50', 1),
(15, '2018年匈牙利公开赛小组赛', '2018-08-15', '19:00:00', '小组第二轮', '19', '21', '男单', '中国', '北京', 1, '2018-08-14 23:58:21', 1);

-- --------------------------------------------------------

--
-- 表的结构 `office`
--

CREATE TABLE `office` (
  `id` int(11) NOT NULL,
  `office_name` varchar(6) DEFAULT NULL
) ENGINE=InnoDB DEFAULT CHARSET=utf8;

--
-- 转存表中的数据 `office`
--

INSERT INTO `office` (`id`, `office_name`) VALUES
(1, '第一局'),
(2, '第二局'),
(3, '第三局'),
(4, '第四局'),
(5, '第五局'),
(6, '第六局'),
(7, '第七局');

-- --------------------------------------------------------

--
-- 表的结构 `score`
--

CREATE TABLE `score` (
  `id` int(11) NOT NULL,
  `score_right` int(3) DEFAULT NULL,
  `score_left` int(3) DEFAULT NULL,
  `big_left` int(3) DEFAULT NULL,
  `big_right` int(3) DEFAULT NULL,
  `mess_id` int(3) DEFAULT NULL,
  `class` int(3) DEFAULT NULL COMMENT '每一局id'
) ENGINE=InnoDB DEFAULT CHARSET=utf8;

--
-- 转存表中的数据 `score`
--

INSERT INTO `score` (`id`, `score_right`, `score_left`, `big_left`, `big_right`, `mess_id`, `class`) VALUES
(80, 7, 11, 1, 0, 1, 1),
(81, 4, 11, 1, 0, 1, 2),
(82, 8, 11, 1, 0, 1, 3),
(84, 2, 8, 1, 0, 2, 1),
(95, 11, 8, 0, 1, 13, 1),
(96, 12, 10, 0, 1, 13, 2),
(97, 8, 11, 1, 0, 13, 3),
(98, 10, 12, 1, 0, 13, 4),
(99, 6, 11, 1, 0, 13, 5),
(100, 6, 11, 1, 0, 14, 1),
(101, 11, 6, 0, 1, 14, 2),
(102, 7, 11, 1, 0, 14, 3),
(103, 11, 13, 1, 0, 14, 4),
(104, 11, 8, 0, 1, 14, 5),
(105, 11, 9, 0, 1, 14, 6),
(106, 2, 11, 1, 0, 14, 7),
(107, 6, 11, 1, 0, 15, 1),
(108, 10, 12, 1, 0, 15, 2),
(109, 8, 11, 1, 0, 15, 3),
(110, 8, 11, 1, 0, 15, 4);

-- --------------------------------------------------------

--
-- 表的结构 `user`
--

CREATE TABLE `user` (
  `id` int(11) NOT NULL,
  `user_name` varchar(100) DEFAULT NULL,
  `sex` varchar(4) DEFAULT NULL,
  `age` int(11) DEFAULT NULL,
  `state` varchar(30) DEFAULT NULL COMMENT '国别',
  `hand` varchar(10) DEFAULT NULL,
  `bat` varchar(20) DEFAULT NULL,
  `play` varchar(20) DEFAULT NULL,
  `image` varchar(255) DEFAULT NULL,
  `add_time` datetime DEFAULT NULL,
  `add_admin_id` int(11) DEFAULT NULL
) ENGINE=InnoDB DEFAULT CHARSET=utf8;

--
-- 转存表中的数据 `user`
--

INSERT INTO `user` (`id`, `user_name`, `sex`, `age`, `state`, `hand`, `bat`, `play`, `image`, `add_time`, `add_admin_id`) VALUES
(1, '张三1', '女', 16, '中国', '右手', '直横拍', '打法', '/uploads/20180805/54e6b044276ea4e94a4df6a283d4e95a.png', NULL, NULL),
(2, '张三2', '女', 16, '中国', '右手', '直横拍', '打法', '/uploads/20180805/54e6b044276ea4e94a4df6a283d4e95a.png', NULL, NULL),
(3, '张三3', '女', 16, '中国', '右手', '直横拍', '打法', '/uploads/20180805/54e6b044276ea4e94a4df6a283d4e95a.png', NULL, NULL),
(4, '张三4', '男', 28, '中国', '右手', '直横拍', '打法', '/uploads/20180805/54e6b044276ea4e94a4df6a283d4e95a.png', NULL, 1),
(5, '张三5', '男', 22, '中国', '右手', '直横拍', '打法', '/uploads/20180805/910f56641819fac839ae7832b45b00b0.png', NULL, 1),
(6, '张三6', '女', 16, '中国', '右手', '直横拍', '打法', '/uploads/20180805/54e6b044276ea4e94a4df6a283d4e95a.png', NULL, NULL),
(7, '张三7', '女', 16, '中国', '右手', '直横拍', '打法', '/uploads/20180805/54e6b044276ea4e94a4df6a283d4e95a.png', NULL, NULL),
(17, '樊振东', '男', 22, '中国', '右手', '横的', '厉害着呢', '/uploads/20180814/a563bfc815256d1a3304aebf6dd162b3.png', '2018-08-14 00:42:25', 1),
(18, 'JoaoGERALDO', '男', 33, '英国', '右手', '222', '333', '/uploads/20180814/24134886527ddd141a101315fcac8061.png', '2018-08-14 00:43:08', 1),
(19, '刘丁硕', '男', 22, '中国', '左手', '啊啊啊', '等等等', '/uploads/20180814/ebc55fce52bd0b7003d63910c269e26d.png', '2018-08-14 23:50:54', 1),
(20, '格罗斯', '男', 22, '美国', '左手', '阿斯顿发', '阿斯顿发', '/uploads/20180814/cfdc4ab705307dc58f366eb9dcd29904.png', '2018-08-14 23:51:21', 1),
(21, '杜达', '男', 22, '中国', '右手', '撒旦法', '阿萨德', '/uploads/20180814/f4d853e0571a54ca8d640cee46dd4df4.png', '2018-08-14 23:57:36', 1),
(22, '李晓辉', '男', 12, '德国', '左手', '阿斯顿发', '阿斯顿发', '/uploads/20180816/dbaed89c74ba093082d845ea13313c7e.png', '2018-08-16 02:04:38', 1);

--
-- Indexes for dumped tables
--

--
-- Indexes for table `admin`
--
ALTER TABLE `admin`
  ADD PRIMARY KEY (`id`);

--
-- Indexes for table `count_score`
--
ALTER TABLE `count_score`
  ADD PRIMARY KEY (`id`),
  ADD KEY `mess_id` (`mess_id`);

--
-- Indexes for table `game_data`
--
ALTER TABLE `game_data`
  ADD PRIMARY KEY (`id`),
  ADD KEY `id` (`id`) USING BTREE,
  ADD KEY `user_id` (`user_id`),
  ADD KEY `mess_id` (`mess_id`);

--
-- Indexes for table `message`
--
ALTER TABLE `message`
  ADD PRIMARY KEY (`id`);

--
-- Indexes for table `office`
--
ALTER TABLE `office`
  ADD PRIMARY KEY (`id`),
  ADD KEY `id` (`id`);

--
-- Indexes for table `score`
--
ALTER TABLE `score`
  ADD PRIMARY KEY (`id`),
  ADD KEY `mess_id` (`mess_id`),
  ADD KEY `class` (`class`);

--
-- Indexes for table `user`
--
ALTER TABLE `user`
  ADD PRIMARY KEY (`id`);

--
-- 在导出的表使用AUTO_INCREMENT
--

--
-- 使用表AUTO_INCREMENT `admin`
--
ALTER TABLE `admin`
  MODIFY `id` int(11) NOT NULL AUTO_INCREMENT, AUTO_INCREMENT=49;
--
-- 使用表AUTO_INCREMENT `count_score`
--
ALTER TABLE `count_score`
  MODIFY `id` int(11) NOT NULL AUTO_INCREMENT, AUTO_INCREMENT=14;
--
-- 使用表AUTO_INCREMENT `game_data`
--
ALTER TABLE `game_data`
  MODIFY `id` int(11) NOT NULL AUTO_INCREMENT, AUTO_INCREMENT=873;
--
-- 使用表AUTO_INCREMENT `message`
--
ALTER TABLE `message`
  MODIFY `id` int(11) NOT NULL AUTO_INCREMENT, AUTO_INCREMENT=16;
--
-- 使用表AUTO_INCREMENT `office`
--
ALTER TABLE `office`
  MODIFY `id` int(11) NOT NULL AUTO_INCREMENT, AUTO_INCREMENT=8;
--
-- 使用表AUTO_INCREMENT `score`
--
ALTER TABLE `score`
  MODIFY `id` int(11) NOT NULL AUTO_INCREMENT, AUTO_INCREMENT=111;
--
-- 使用表AUTO_INCREMENT `user`
--
ALTER TABLE `user`
  MODIFY `id` int(11) NOT NULL AUTO_INCREMENT, AUTO_INCREMENT=23;
--
-- 限制导出的表
--

--
-- 限制表 `count_score`
--
ALTER TABLE `count_score`
  ADD CONSTRAINT `count_score_ibfk_1` FOREIGN KEY (`mess_id`) REFERENCES `message` (`id`);

--
-- 限制表 `game_data`
--
ALTER TABLE `game_data`
  ADD CONSTRAINT `game_data_ibfk_1` FOREIGN KEY (`user_id`) REFERENCES `user` (`id`),
  ADD CONSTRAINT `game_data_ibfk_2` FOREIGN KEY (`mess_id`) REFERENCES `message` (`id`);

--
-- 限制表 `score`
--
ALTER TABLE `score`
  ADD CONSTRAINT `score_ibfk_1` FOREIGN KEY (`mess_id`) REFERENCES `message` (`id`),
  ADD CONSTRAINT `score_ibfk_2` FOREIGN KEY (`class`) REFERENCES `office` (`id`);
COMMIT;

/*!40101 SET CHARACTER_SET_CLIENT=@OLD_CHARACTER_SET_CLIENT */;
/*!40101 SET CHARACTER_SET_RESULTS=@OLD_CHARACTER_SET_RESULTS */;
/*!40101 SET COLLATION_CONNECTION=@OLD_COLLATION_CONNECTION */;
